﻿<?xml version="1.0" encoding="utf-8"?><ImportSettings xmlns:xsi="http://www.w3.org/2001/XMLSchema-instance" xmlns:xsd="http://www.w3.org/2001/XMLSchema"><Server xmlns="http://www.tridion.com/ContentManager/5.2/ImportExport"><Protocol>Http</Protocol><Name>sdltridion.pe.local</Name><Port>80</Port><Description>CXC Demo 2014 R2</Description></Server><DependencyFilterGroups xmlns="http://www.tridion.com/ContentManager/5.2/ImportExport" /><DependencyTypeGroups xmlns="http://www.tridion.com/ContentManager/5.2/ImportExport"><ClientDependencyTypeGroup><Id>Layout</Id><Name>Layout</Name><Description>Page Templates, Component Templates and included Template Building Blocks.</Description><DependencyTypes><DependencyType>PageTemplate</DependencyType><DependencyType>IncludedTemplateBuildingBlock</DependencyType><DependencyType>ComponentPresentationComponentTemplate</DependencyType><DependencyType>TemplateLinkedItem</DependencyType></DependencyTypes><Selected>false</Selected></ClientDependencyTypeGroup><ClientDependencyTypeGroup><Id>Structure</Id><Name>Structure</Name><Description>Folders, Structure Groups, Keywords, Target Groups, Default Values, Related and Parent Keywords, Tracked Categories and Multimedia Types.</Description><DependencyTypes><DependencyType>Publication</DependencyType><DependencyType>OrganizationalItemPublication</DependencyType><DependencyType>OrganizationalItemFolder</DependencyType><DependencyType>OrganizationalItemStructureGroup</DependencyType><DependencyType>OrganizationalItemCategory</DependencyType><DependencyType>Keyword</DependencyType><DependencyType>TargetGroup</DependencyType><DependencyType>AllowedMultimediaType</DependencyType><DependencyType>MultimediaType</DependencyType><DependencyType>ComponentPresentationTargetGroup</DependencyType><DependencyType>DefaultLinkedComponent</DependencyType><DependencyType>DefaultKeyword</DependencyType><DependencyType>RelatedKeyword</DependencyType><DependencyType>ParentKeyword</DependencyType><DependencyType>TrackedCategory</DependencyType></DependencyTypes><Selected>false</Selected></ClientDependencyTypeGroup><ClientDependencyTypeGroup><Id>Content</Id><Name>Content</Name><Description>Linked Items and Components in a Component Presentation.</Description><DependencyTypes><DependencyType>LinkedComponent</DependencyType><DependencyType>LinkedCategory</DependencyType><DependencyType>LinkedKeyword</DependencyType><DependencyType>ComponentPresentationComponent</DependencyType><DependencyType>Category</DependencyType></DependencyTypes><Selected>false</Selected></ClientDependencyTypeGroup><ClientDependencyTypeGroup><Id>Definition</Id><Name>Definition</Name><Description>Any type of Schema and Parent Categories.</Description><DependencyTypes><DependencyType>MetadataSchema</DependencyType><DependencyType>LinkedSchema</DependencyType><DependencyType>EmbeddedSchema</DependencyType><DependencyType>Schema</DependencyType><DependencyType>ComponentTemplateAllowedSchema</DependencyType><DependencyType>SchemaAllowedSchema</DependencyType><DependencyType>AllowedParentCategory</DependencyType><DependencyType>ParameterSchema</DependencyType></DependencyTypes><Selected>false</Selected></ClientDependencyTypeGroup><ClientDependencyTypeGroup><Id>Configuration</Id><Name>Configuration</Name><Description>Items referenced in Virtual Folder configuration.</Description><DependencyTypes><DependencyType>VirtualFolderConfiguration</DependencyType></DependencyTypes><Selected>false</Selected></ClientDependencyTypeGroup><ClientDependencyTypeGroup><Id>Default items</Id><Name>Default items</Name><Description>All Default Templates, Default Multimedia Schema and Default Template Building Block.</Description><DependencyTypes><DependencyType>DefaultComponentTemplate</DependencyType><DependencyType>DefaultPageTemplate</DependencyType><DependencyType>DefaultTemplateBuildingBlock</DependencyType><DependencyType>DefaultMultimediaSchema</DependencyType></DependencyTypes><Selected>false</Selected></ClientDependencyTypeGroup><ClientDependencyTypeGroup><Id>Workflow</Id><Name>Workflow</Name><Description>All items related to workflow.</Description><DependencyTypes><DependencyType>ApprovalStatus</DependencyType><DependencyType>PageTemplateProcess</DependencyType><DependencyType>ComponentTemplateProcess</DependencyType><DependencyType>PageProcess</DependencyType><DependencyType>ComponentProcess</DependencyType><DependencyType>ComponentSnapshotTemplate</DependencyType><DependencyType>PageSnapshotTemplate</DependencyType><DependencyType>TaskProcess</DependencyType><DependencyType>TemplateBundleProcess</DependencyType><DependencyType>PageBundleProcess</DependencyType><DependencyType>SchemaBundleProcess</DependencyType><DependencyType>ProcessDefinitionTemplateBuildingBlock</DependencyType></DependencyTypes><Selected>false</Selected></ClientDependencyTypeGroup><ClientDependencyTypeGroup><Id>Security</Id><Name>Security</Name><Description>All security related items.</Description><DependencyTypes><DependencyType>Group</DependencyType><DependencyType>GroupMembership</DependencyType></DependencyTypes><Selected>false</Selected></ClientDependencyTypeGroup></DependencyTypeGroups><ErrorHandlingMode xmlns="http://www.tridion.com/ContentManager/5.2/ImportExport">Interactive</ErrorHandlingMode><GenerateRetryBatch xmlns="http://www.tridion.com/ContentManager/5.2/ImportExport">false</GenerateRetryBatch><AbortOnDisconnect xmlns="http://www.tridion.com/ContentManager/5.2/ImportExport">true</AbortOnDisconnect><ItemFilters xmlns="http://www.tridion.com/ContentManager/5.2/ImportExport"><ItemFilter><Value>TargetGroups</Value><Selected>false</Selected></ItemFilter><ItemFilter><Value>Schemas</Value><Selected>false</Selected></ItemFilter><ItemFilter><Value>Components</Value><Selected>false</Selected></ItemFilter><ItemFilter><Value>TemplateBuildingBlocks</Value><Selected>false</Selected></ItemFilter><ItemFilter><Value>ComponentTemplates</Value><Selected>false</Selected></ItemFilter><ItemFilter><Value>PageTemplates</Value><Selected>false</Selected></ItemFilter><ItemFilter><Value>Pages</Value><Selected>false</Selected></ItemFilter><ItemFilter><Value>ApprovalStatuses</Value><Selected>false</Selected></ItemFilter><ItemFilter><Value>ProcessDefinitions</Value><Selected>false</Selected></ItemFilter><ItemFilter><Value>MultimediaTypes</Value><Selected>false</Selected></ItemFilter><ItemFilter><Value>Keywords</Value><Selected>false</Selected></ItemFilter><ItemFilter><Value>Groups</Value><Selected>false</Selected></ItemFilter></ItemFilters><BrowserItem xmlns="http://www.tridion.com/ContentManager/5.2/ImportExport"><WebDavUrl><Url>/webdav//IF%20Package</Url></WebDavUrl><ItemType>VirtualItemInstance</ItemType><ItemSubType>1</ItemSubType><IsShared>false</IsShared><IsExpandable>true</IsExpandable><CanContainChildren>true</CanContainChildren><Children><BrowserItem><WebDavUrl><Url>/webdav//System%20Administration</Url></WebDavUrl><ItemType>VirtualItemSystemAdministration</ItemType><ItemSubType>0</ItemSubType><IsShared>false</IsShared><IsExpandable>true</IsExpandable><CanContainChildren>true</CanContainChildren><Children><BrowserItem><WebDavUrl><Url>/webdav//Access%20Management</Url></WebDavUrl><ItemType>VirtualItemAccessManagement</ItemType><ItemSubType>0</ItemSubType><IsShared>false</IsShared><IsExpandable>true</IsExpandable><CanContainChildren>true</CanContainChildren><Children><BrowserItem><WebDavUrl><Url>/webdav//Groups</Url></WebDavUrl><ItemType>VirtualItemGroups</ItemType><ItemSubType>0</ItemSubType><IsShared>false</IsShared><IsExpandable>true</IsExpandable><CanContainChildren>true</CanContainChildren><Children /><CheckStatus>None</CheckStatus><IsExpanded>false</IsExpanded><IsExported>true</IsExported></BrowserItem></Children><CheckStatus>None</CheckStatus><IsExpanded>false</IsExpanded><IsExported>true</IsExported></BrowserItem><BrowserItem><WebDavUrl><Url>/webdav//Workflow%20Management</Url></WebDavUrl><ItemType>VirtualItemWorkflowManagement</ItemType><ItemSubType>0</ItemSubType><IsShared>false</IsShared><IsExpandable>true</IsExpandable><CanContainChildren>true</CanContainChildren><Children><BrowserItem><WebDavUrl><Url>/webdav//Approval%20Statuses</Url></WebDavUrl><ItemType>VirtualItemApprovalStatuses</ItemType><ItemSubType>0</ItemSubType><IsShared>false</IsShared><IsExpandable>true</IsExpandable><CanContainChildren>true</CanContainChildren><Children /><CheckStatus>None</CheckStatus><IsExpanded>false</IsExpanded><IsExported>true</IsExported></BrowserItem></Children><CheckStatus>None</CheckStatus><IsExpanded>false</IsExpanded><IsExported>true</IsExported></BrowserItem><BrowserItem><WebDavUrl><Url>/webdav//Content%20Configuration</Url></WebDavUrl><ItemType>VirtualItemContentConfiguration</ItemType><ItemSubType>0</ItemSubType><IsShared>false</IsShared><IsExpandable>true</IsExpandable><CanContainChildren>true</CanContainChildren><Children><BrowserItem><WebDavUrl><Url>/webdav//Multimedia%20Types</Url></WebDavUrl><ItemType>VirtualItemMultimediaTypes</ItemType><ItemSubType>0</ItemSubType><IsShared>false</IsShared><IsExpandable>true</IsExpandable><CanContainChildren>true</CanContainChildren><Children /><CheckStatus>None</CheckStatus><IsExpanded>false</IsExpanded><IsExported>true</IsExported></BrowserItem></Children><CheckStatus>None</CheckStatus><IsExpanded>false</IsExpanded><IsExported>true</IsExported></BrowserItem></Children><CheckStatus>None</CheckStatus><IsExpanded>false</IsExpanded><IsExported>true</IsExported></BrowserItem><BrowserItem><WebDavUrl><Url>/webdav/000%20Empty</Url></WebDavUrl><ItemType>Publication</ItemType><ItemSubType>0</ItemSubType><IsShared>false</IsShared><IsExpandable>true</IsExpandable><CanContainChildren>true</CanContainChildren><Children /><CheckStatus>None</CheckStatus><IsExpanded>false</IsExpanded><IsExported>false</IsExported></BrowserItem><BrowserItem><WebDavUrl><Url>/webdav/100%20Master</Url></WebDavUrl><ItemType>Publication</ItemType><ItemSubType>0</ItemSubType><IsShared>false</IsShared><IsExpandable>true</IsExpandable><CanContainChildren>true</CanContainChildren><Children><BrowserItem><WebDavUrl><Url>/webdav/100%20Master/Building%20Blocks</Url></WebDavUrl><ItemType>Folder</ItemType><ItemSubType>0</ItemSubType><IsShared>false</IsShared><IsExpandable>true</IsExpandable><CanContainChildren>true</CanContainChildren><Children><BrowserItem><WebDavUrl><Url>/webdav/100%20Master/Building%20Blocks/Default%20Templates</Url></WebDavUrl><ItemType>Folder</ItemType><ItemSubType>0</ItemSubType><IsShared>false</IsShared><IsExpandable>true</IsExpandable><CanContainChildren>true</CanContainChildren><Children><BrowserItem><WebDavUrl><Url>/webdav/100%20Master/Building%20Blocks/Default%20Templates/SmartTarget</Url></WebDavUrl><ItemType>Folder</ItemType><ItemSubType>0</ItemSubType><IsShared>false</IsShared><IsExpandable>true</IsExpandable><CanContainChildren>true</CanContainChildren><Children /><CheckStatus>None</CheckStatus><IsExpanded>false</IsExpanded><IsExported>false</IsExported></BrowserItem></Children><CheckStatus>None</CheckStatus><IsExpanded>false</IsExpanded><IsExported>false</IsExported></BrowserItem><BrowserItem><WebDavUrl><Url>/webdav/100%20Master/Building%20Blocks/Modules</Url></WebDavUrl><ItemType>Folder</ItemType><ItemSubType>0</ItemSubType><IsShared>false</IsShared><IsExpandable>true</IsExpandable><CanContainChildren>true</CanContainChildren><Children><BrowserItem><WebDavUrl><Url>/webdav/100%20Master/Building%20Blocks/Modules/Core</Url></WebDavUrl><ItemType>Folder</ItemType><ItemSubType>0</ItemSubType><IsShared>false</IsShared><IsExpandable>true</IsExpandable><CanContainChildren>true</CanContainChildren><Children><BrowserItem><WebDavUrl><Url>/webdav/100%20Master/Building%20Blocks/Modules/Core/Admin</Url></WebDavUrl><ItemType>Folder</ItemType><ItemSubType>0</ItemSubType><IsShared>false</IsShared><IsExpandable>true</IsExpandable><CanContainChildren>true</CanContainChildren><Children><BrowserItem><WebDavUrl><Url>/webdav/100%20Master/Building%20Blocks/Modules/Core/Admin/Schemas</Url></WebDavUrl><ItemType>Folder</ItemType><ItemSubType>0</ItemSubType><IsShared>false</IsShared><IsExpandable>true</IsExpandable><CanContainChildren>true</CanContainChildren><Children /><CheckStatus>None</CheckStatus><IsExpanded>false</IsExpanded><IsExported>false</IsExported></BrowserItem></Children><CheckStatus>None</CheckStatus><IsExpanded>false</IsExpanded><IsExported>false</IsExported></BrowserItem><BrowserItem><WebDavUrl><Url>/webdav/100%20Master/Building%20Blocks/Modules/Core/Developer</Url></WebDavUrl><ItemType>Folder</ItemType><ItemSubType>0</ItemSubType><IsShared>false</IsShared><IsExpandable>true</IsExpandable><CanContainChildren>true</CanContainChildren><Children><BrowserItem><WebDavUrl><Url>/webdav/100%20Master/Building%20Blocks/Modules/Core/Developer/Core%20Template%20Building%20Blocks</Url></WebDavUrl><ItemType>Folder</ItemType><ItemSubType>0</ItemSubType><IsShared>false</IsShared><IsExpandable>true</IsExpandable><CanContainChildren>true</CanContainChildren><Children /><CheckStatus>None</CheckStatus><IsExpanded>false</IsExpanded><IsExported>false</IsExported></BrowserItem><BrowserItem><WebDavUrl><Url>/webdav/100%20Master/Building%20Blocks/Modules/Core/Developer/Schemas</Url></WebDavUrl><ItemType>Folder</ItemType><ItemSubType>0</ItemSubType><IsShared>false</IsShared><IsExpandable>true</IsExpandable><CanContainChildren>true</CanContainChildren><Children><BrowserItem><WebDavUrl><Url>/webdav/100%20Master/Building%20Blocks/Modules/Core/Developer/Schemas/Metadata</Url></WebDavUrl><ItemType>Folder</ItemType><ItemSubType>0</ItemSubType><IsShared>false</IsShared><IsExpandable>true</IsExpandable><CanContainChildren>true</CanContainChildren><Children /><CheckStatus>None</CheckStatus><IsExpanded>false</IsExpanded><IsExported>false</IsExported></BrowserItem></Children><CheckStatus>None</CheckStatus><IsExpanded>false</IsExpanded><IsExported>false</IsExported></BrowserItem></Children><CheckStatus>None</CheckStatus><IsExpanded>false</IsExpanded><IsExported>false</IsExported></BrowserItem><BrowserItem><WebDavUrl><Url>/webdav/100%20Master/Building%20Blocks/Modules/Core/Editor</Url></WebDavUrl><ItemType>Folder</ItemType><ItemSubType>0</ItemSubType><IsShared>false</IsShared><IsExpandable>true</IsExpandable><CanContainChildren>true</CanContainChildren><Children><BrowserItem><WebDavUrl><Url>/webdav/100%20Master/Building%20Blocks/Modules/Core/Editor/Schemas</Url></WebDavUrl><ItemType>Folder</ItemType><ItemSubType>0</ItemSubType><IsShared>false</IsShared><IsExpandable>true</IsExpandable><CanContainChildren>true</CanContainChildren><Children /><CheckStatus>None</CheckStatus><IsExpanded>false</IsExpanded><IsExported>false</IsExported></BrowserItem></Children><CheckStatus>None</CheckStatus><IsExpanded>false</IsExpanded><IsExported>false</IsExported></BrowserItem><BrowserItem><WebDavUrl><Url>/webdav/100%20Master/Building%20Blocks/Modules/Core/Site%20Manager</Url></WebDavUrl><ItemType>Folder</ItemType><ItemSubType>0</ItemSubType><IsShared>false</IsShared><IsExpandable>true</IsExpandable><CanContainChildren>true</CanContainChildren><Children><BrowserItem><WebDavUrl><Url>/webdav/100%20Master/Building%20Blocks/Modules/Core/Site%20Manager/Schemas</Url></WebDavUrl><ItemType>Folder</ItemType><ItemSubType>0</ItemSubType><IsShared>false</IsShared><IsExpandable>true</IsExpandable><CanContainChildren>true</CanContainChildren><Children /><CheckStatus>None</CheckStatus><IsExpanded>false</IsExpanded><IsExported>false</IsExported></BrowserItem></Children><CheckStatus>None</CheckStatus><IsExpanded>false</IsExpanded><IsExported>false</IsExported></BrowserItem></Children><CheckStatus>None</CheckStatus><IsExpanded>false</IsExpanded><IsExported>false</IsExported></BrowserItem><BrowserItem><WebDavUrl><Url>/webdav/100%20Master/Building%20Blocks/Modules/SmartTarget</Url></WebDavUrl><ItemType>Folder</ItemType><ItemSubType>0</ItemSubType><IsShared>false</IsShared><IsExpandable>true</IsExpandable><CanContainChildren>true</CanContainChildren><Children><BrowserItem><WebDavUrl><Url>/webdav/100%20Master/Building%20Blocks/Modules/SmartTarget/Admin</Url></WebDavUrl><ItemType>Folder</ItemType><ItemSubType>0</ItemSubType><IsShared>false</IsShared><IsExpandable>true</IsExpandable><CanContainChildren>true</CanContainChildren><Children><BrowserItem><WebDavUrl><Url>/webdav/100%20Master/Building%20Blocks/Modules/SmartTarget/Admin/SmartTarget.xml</Url></WebDavUrl><ItemType>Component</ItemType><ItemSubType>0</ItemSubType><IsShared>false</IsShared><IsExpandable>false</IsExpandable><CanContainChildren>false</CanContainChildren><CheckStatus>ItemAndAllChildren</CheckStatus><IsExpanded>false</IsExpanded><IsExported>true</IsExported></BrowserItem></Children><CheckStatus>ItemAndAllChildren</CheckStatus><IsExpanded>false</IsExpanded><IsExported>true</IsExported></BrowserItem><BrowserItem><WebDavUrl><Url>/webdav/100%20Master/Building%20Blocks/Modules/SmartTarget/Developer</Url></WebDavUrl><ItemType>Folder</ItemType><ItemSubType>0</ItemSubType><IsShared>false</IsShared><IsExpandable>true</IsExpandable><CanContainChildren>true</CanContainChildren><Children><BrowserItem><WebDavUrl><Url>/webdav/100%20Master/Building%20Blocks/Modules/SmartTarget/Developer/Schemas</Url></WebDavUrl><ItemType>Folder</ItemType><ItemSubType>0</ItemSubType><IsShared>false</IsShared><IsExpandable>true</IsExpandable><CanContainChildren>true</CanContainChildren><Children><BrowserItem><WebDavUrl><Url>/webdav/100%20Master/Building%20Blocks/Modules/SmartTarget/Developer/Schemas/Embedded</Url></WebDavUrl><ItemType>Folder</ItemType><ItemSubType>0</ItemSubType><IsShared>false</IsShared><IsExpandable>true</IsExpandable><CanContainChildren>true</CanContainChildren><Children><BrowserItem><WebDavUrl><Url>/webdav/100%20Master/Building%20Blocks/Modules/SmartTarget/Developer/Schemas/Embedded/SmartTarget%20Region.xsd</Url></WebDavUrl><ItemType>Schema</ItemType><ItemSubType>2</ItemSubType><IsShared>false</IsShared><IsExpandable>false</IsExpandable><CanContainChildren>false</CanContainChildren><CheckStatus>ItemAndAllChildren</CheckStatus><IsExpanded>false</IsExpanded><IsExported>true</IsExported></BrowserItem></Children><CheckStatus>ItemAndAllChildren</CheckStatus><IsExpanded>false</IsExpanded><IsExported>true</IsExported></BrowserItem><BrowserItem><WebDavUrl><Url>/webdav/100%20Master/Building%20Blocks/Modules/SmartTarget/Developer/Schemas/Metadata</Url></WebDavUrl><ItemType>Folder</ItemType><ItemSubType>0</ItemSubType><IsShared>false</IsShared><IsExpandable>true</IsExpandable><CanContainChildren>true</CanContainChildren><Children><BrowserItem><WebDavUrl><Url>/webdav/100%20Master/Building%20Blocks/Modules/SmartTarget/Developer/Schemas/Metadata/SmartTarget%20Page%20Template%20Metadata.xsd</Url></WebDavUrl><ItemType>Schema</ItemType><ItemSubType>3</ItemSubType><IsShared>false</IsShared><IsExpandable>false</IsExpandable><CanContainChildren>false</CanContainChildren><CheckStatus>ItemAndAllChildren</CheckStatus><IsExpanded>false</IsExpanded><IsExported>true</IsExported></BrowserItem></Children><CheckStatus>ItemAndAllChildren</CheckStatus><IsExpanded>false</IsExpanded><IsExported>true</IsExported></BrowserItem></Children><CheckStatus>ItemAndAllChildren</CheckStatus><IsExpanded>true</IsExpanded><IsExported>true</IsExported></BrowserItem></Children><CheckStatus>ItemAndAllChildren</CheckStatus><IsExpanded>true</IsExpanded><IsExported>true</IsExported></BrowserItem><BrowserItem><WebDavUrl><Url>/webdav/100%20Master/Building%20Blocks/Modules/SmartTarget/Editor</Url></WebDavUrl><ItemType>Folder</ItemType><ItemSubType>0</ItemSubType><IsShared>false</IsShared><IsExpandable>true</IsExpandable><CanContainChildren>true</CanContainChildren><Children><BrowserItem><WebDavUrl><Url>/webdav/100%20Master/Building%20Blocks/Modules/SmartTarget/Editor/Templates</Url></WebDavUrl><ItemType>Folder</ItemType><ItemSubType>0</ItemSubType><IsShared>false</IsShared><IsExpandable>true</IsExpandable><CanContainChildren>true</CanContainChildren><Children><BrowserItem><WebDavUrl><Url>/webdav/100%20Master/Building%20Blocks/Modules/SmartTarget/Editor/Templates/Carousel%20%5BInset%201%5D.tctcmp</Url></WebDavUrl><ItemType>ComponentTemplate</ItemType><ItemSubType>0</ItemSubType><IsShared>false</IsShared><IsExpandable>false</IsExpandable><CanContainChildren>false</CanContainChildren><CheckStatus>ItemAndAllChildren</CheckStatus><IsExpanded>false</IsExpanded><IsExported>true</IsExported></BrowserItem><BrowserItem><WebDavUrl><Url>/webdav/100%20Master/Building%20Blocks/Modules/SmartTarget/Editor/Templates/Teaser%20-%20Image%20Overlay%20%5BInset%202%5D.tctcmp</Url></WebDavUrl><ItemType>ComponentTemplate</ItemType><ItemSubType>0</ItemSubType><IsShared>false</IsShared><IsExpandable>false</IsExpandable><CanContainChildren>false</CanContainChildren><CheckStatus>ItemAndAllChildren</CheckStatus><IsExpanded>false</IsExpanded><IsExported>true</IsExported></BrowserItem><BrowserItem><WebDavUrl><Url>/webdav/100%20Master/Building%20Blocks/Modules/SmartTarget/Editor/Templates/SmartTarget%20Home%20Page.tptcmp</Url></WebDavUrl><ItemType>PageTemplate</ItemType><ItemSubType>0</ItemSubType><IsShared>false</IsShared><IsExpandable>false</IsExpandable><CanContainChildren>false</CanContainChildren><CheckStatus>ItemAndAllChildren</CheckStatus><IsExpanded>false</IsExpanded><IsExported>true</IsExported></BrowserItem></Children><CheckStatus>ItemAndAllChildren</CheckStatus><IsExpanded>false</IsExpanded><IsExported>true</IsExported></BrowserItem></Children><CheckStatus>ItemAndAllChildren</CheckStatus><IsExpanded>true</IsExpanded><IsExported>true</IsExported></BrowserItem></Children><CheckStatus>ItemAndAllChildren</CheckStatus><IsExpanded>true</IsExpanded><IsExported>true</IsExported></BrowserItem></Children><CheckStatus>SelectedChildrenOnly</CheckStatus><IsExpanded>true</IsExpanded><IsExported>false</IsExported></BrowserItem><BrowserItem><WebDavUrl><Url>/webdav/100%20Master/Building%20Blocks/Settings</Url></WebDavUrl><ItemType>Folder</ItemType><ItemSubType>0</ItemSubType><IsShared>false</IsShared><IsExpandable>true</IsExpandable><CanContainChildren>true</CanContainChildren><Children><BrowserItem><WebDavUrl><Url>/webdav/100%20Master/Building%20Blocks/Settings/SmartTarget</Url></WebDavUrl><ItemType>Folder</ItemType><ItemSubType>0</ItemSubType><IsShared>false</IsShared><IsExpandable>true</IsExpandable><CanContainChildren>true</CanContainChildren><Children><BrowserItem><WebDavUrl><Url>/webdav/100%20Master/Building%20Blocks/Settings/SmartTarget/Site%20Manager</Url></WebDavUrl><ItemType>Folder</ItemType><ItemSubType>0</ItemSubType><IsShared>false</IsShared><IsExpandable>true</IsExpandable><CanContainChildren>true</CanContainChildren><Children><BrowserItem><WebDavUrl><Url>/webdav/100%20Master/Building%20Blocks/Settings/SmartTarget/Site%20Manager/SmartTarget%20Configuration.xml</Url></WebDavUrl><ItemType>Component</ItemType><ItemSubType>0</ItemSubType><IsShared>false</IsShared><IsExpandable>false</IsExpandable><CanContainChildren>false</CanContainChildren><CheckStatus>ItemAndAllChildren</CheckStatus><IsExpanded>false</IsExpanded><IsExported>true</IsExported></BrowserItem></Children><CheckStatus>ItemAndAllChildren</CheckStatus><IsExpanded>false</IsExpanded><IsExported>true</IsExported></BrowserItem></Children><CheckStatus>ItemAndAllChildren</CheckStatus><IsExpanded>true</IsExpanded><IsExported>true</IsExported></BrowserItem></Children><CheckStatus>ChildrenOnly</CheckStatus><IsExpanded>true</IsExpanded><IsExported>false</IsExported></BrowserItem></Children><CheckStatus>SelectedChildrenOnly</CheckStatus><IsExpanded>true</IsExpanded><IsExported>false</IsExported></BrowserItem><BrowserItem><WebDavUrl><Url>/webdav//Workflow</Url></WebDavUrl><ItemType>VirtualItemWorkflow</ItemType><ItemSubType>0</ItemSubType><IsShared>false</IsShared><IsExpandable>true</IsExpandable><CanContainChildren>true</CanContainChildren><Children /><CheckStatus>None</CheckStatus><IsExpanded>false</IsExpanded><IsExported>true</IsExported></BrowserItem></Children><CheckStatus>ItemAndSelectedChildren</CheckStatus><IsExpanded>true</IsExpanded><IsExported>true</IsExported></BrowserItem></Children><CheckStatus>SelectedChildrenOnly</CheckStatus><IsExpanded>true</IsExpanded><IsExported>true</IsExported></BrowserItem><PackageLocation xmlns="http://www.tridion.com/ContentManager/5.2/ImportExport">SmartTarget-Module.zip</PackageLocation><RunInTransaction xmlns="http://www.tridion.com/ContentManager/5.2/ImportExport">true</RunInTransaction><SelectedItemsUpdateMode xmlns="http://www.tridion.com/ContentManager/5.2/ImportExport">Yes</SelectedItemsUpdateMode><DependenciesUpdateMode xmlns="http://www.tridion.com/ContentManager/5.2/ImportExport">No</DependenciesUpdateMode><PreImportProblemDiscover xmlns="http://www.tridion.com/ContentManager/5.2/ImportExport">true</PreImportProblemDiscover><ResolveSharedItems xmlns="http://www.tridion.com/ContentManager/5.2/ImportExport">false</ResolveSharedItems><ShowPopupDialog xmlns="http://www.tridion.com/ContentManager/5.2/ImportExport">false</ShowPopupDialog><SynchronizeContent xmlns="http://www.tridion.com/ContentManager/5.2/ImportExport">true</SynchronizeContent><ValidateUriReplacements xmlns="http://www.tridion.com/ContentManager/5.2/ImportExport">false</ValidateUriReplacements><ImportDescription xmlns="http://www.tridion.com/ContentManager/5.2/ImportExport">Import SmartTarget module</ImportDescription><KeepPackageSelection xmlns="http://www.tridion.com/ContentManager/5.2/ImportExport">true</KeepPackageSelection><ApplicationDataCategories xmlns="http://www.tridion.com/ContentManager/5.2/ImportExport"><ApplicationDataCategory name="Experience Manager" description="SDL Tridion Experience Manager" selected="true"><ApplicationId pattern="SiteEdit" tcmUriXPath="//@xlink:href" /></ApplicationDataCategory><ApplicationDataCategory name="TRI" description="Tridion Reference Implementation" selected="true"><ApplicationId pattern="http://www.sdl.com/tridion/SemanticMapping/vocabularies" tcmUriXPath="" /><ApplicationId pattern="http://www.sdl.com/tridion/SemanticMapping/typeof" tcmUriXPath="//@xlink:href" /></ApplicationDataCategory></ApplicationDataCategories><CreateUndoPackage xmlns="http://www.tridion.com/ContentManager/5.2/ImportExport">true</CreateUndoPackage></ImportSettings>