<export>
  <organizationalItem path="/webdav/100%20Master/Building%20Blocks/Modules/Search/Admin">
    <permissions group="Everyone">None</permissions>
    <permissions group="Developer">None</permissions>
    <permissions group="Editor">None</permissions>
    <permissions group="Site Manager">None</permissions>
  </organizationalItem>
  <organizationalItem path="/webdav/100%20Master/Building%20Blocks/Modules/Search/Developer">
    <permissions group="Everyone">None</permissions>
    <permissions group="Developer">All</permissions>
    <permissions group="Editor">None</permissions>
    <permissions group="Site Manager">None</permissions>
  </organizationalItem>
  <organizationalItem path="/webdav/100%20Master/Building%20Blocks/Modules/Search/Editor">
    <permissions group="Everyone">None</permissions>
    <permissions group="Developer">None</permissions>
    <permissions group="Editor">Read</permissions>
    <permissions group="Site Manager">None</permissions>
  </organizationalItem>
  <organizationalItem path="/webdav/100%20Master/Building%20Blocks/Modules/Search/Site%20Manager">
    <permissions group="Everyone">None</permissions>
    <permissions group="Developer">None</permissions>
    <permissions group="Editor">None</permissions>
    <permissions group="Site Manager">Read</permissions>
  </organizationalItem>
  <organizationalItem path="/webdav/100%20Master/Building%20Blocks/Settings/Search/Site%20Manager">
    <permissions group="Everyone">None</permissions>
    <permissions group="Developer">None</permissions>
    <permissions group="Editor">None</permissions>
    <permissions group="Site Manager">Read,Write,Localize</permissions>
  </organizationalItem>
</export>