﻿<?xml version="1.0" encoding="utf-8"?><ExportSettings xmlns:xsi="http://www.w3.org/2001/XMLSchema-instance" xmlns:xsd="http://www.w3.org/2001/XMLSchema"><Server xmlns="http://www.tridion.com/ContentManager/5.2/ImportExport"><Protocol>Http</Protocol><Name>sdltridion.pe.local</Name><Port>80</Port><Description>CXC Demo 2014 R2</Description></Server><DependencyFilterGroups xmlns="http://www.tridion.com/ContentManager/5.2/ImportExport" /><DependencyTypeGroups xmlns="http://www.tridion.com/ContentManager/5.2/ImportExport"><ClientDependencyTypeGroup><Id>Layout</Id><Name>Layout</Name><Description>Page Templates, Component Templates and included Template Building Blocks.</Description><DependencyTypes><DependencyType>PageTemplate</DependencyType><DependencyType>IncludedTemplateBuildingBlock</DependencyType><DependencyType>ComponentPresentationComponentTemplate</DependencyType><DependencyType>TemplateLinkedItem</DependencyType></DependencyTypes><Selected>false</Selected></ClientDependencyTypeGroup><ClientDependencyTypeGroup><Id>Structure</Id><Name>Structure</Name><Description>Folders, Structure Groups, Keywords, Target Groups, Default Values, Related and Parent Keywords, Tracked Categories and Multimedia Types.</Description><DependencyTypes><DependencyType>Publication</DependencyType><DependencyType>OrganizationalItemPublication</DependencyType><DependencyType>OrganizationalItemFolder</DependencyType><DependencyType>OrganizationalItemStructureGroup</DependencyType><DependencyType>OrganizationalItemCategory</DependencyType><DependencyType>Keyword</DependencyType><DependencyType>TargetGroup</DependencyType><DependencyType>AllowedMultimediaType</DependencyType><DependencyType>MultimediaType</DependencyType><DependencyType>ComponentPresentationTargetGroup</DependencyType><DependencyType>DefaultLinkedComponent</DependencyType><DependencyType>DefaultKeyword</DependencyType><DependencyType>RelatedKeyword</DependencyType><DependencyType>ParentKeyword</DependencyType><DependencyType>TrackedCategory</DependencyType></DependencyTypes><Selected>false</Selected></ClientDependencyTypeGroup><ClientDependencyTypeGroup><Id>Content</Id><Name>Content</Name><Description>Linked Items and Components in a Component Presentation.</Description><DependencyTypes><DependencyType>LinkedComponent</DependencyType><DependencyType>LinkedCategory</DependencyType><DependencyType>LinkedKeyword</DependencyType><DependencyType>ComponentPresentationComponent</DependencyType><DependencyType>Category</DependencyType></DependencyTypes><Selected>false</Selected></ClientDependencyTypeGroup><ClientDependencyTypeGroup><Id>Definition</Id><Name>Definition</Name><Description>Any type of Schema and Parent Categories.</Description><DependencyTypes><DependencyType>MetadataSchema</DependencyType><DependencyType>LinkedSchema</DependencyType><DependencyType>EmbeddedSchema</DependencyType><DependencyType>Schema</DependencyType><DependencyType>ComponentTemplateAllowedSchema</DependencyType><DependencyType>SchemaAllowedSchema</DependencyType><DependencyType>AllowedParentCategory</DependencyType><DependencyType>ParameterSchema</DependencyType></DependencyTypes><Selected>false</Selected></ClientDependencyTypeGroup><ClientDependencyTypeGroup><Id>Configuration</Id><Name>Configuration</Name><Description>Items referenced in Virtual Folder configuration.</Description><DependencyTypes><DependencyType>VirtualFolderConfiguration</DependencyType></DependencyTypes><Selected>false</Selected></ClientDependencyTypeGroup><ClientDependencyTypeGroup><Id>Default items</Id><Name>Default items</Name><Description>All Default Templates, Default Multimedia Schema and Default Template Building Block.</Description><DependencyTypes><DependencyType>DefaultComponentTemplate</DependencyType><DependencyType>DefaultPageTemplate</DependencyType><DependencyType>DefaultTemplateBuildingBlock</DependencyType><DependencyType>DefaultMultimediaSchema</DependencyType></DependencyTypes><Selected>false</Selected></ClientDependencyTypeGroup><ClientDependencyTypeGroup><Id>Workflow</Id><Name>Workflow</Name><Description>All items related to workflow.</Description><DependencyTypes><DependencyType>ApprovalStatus</DependencyType><DependencyType>PageTemplateProcess</DependencyType><DependencyType>ComponentTemplateProcess</DependencyType><DependencyType>PageProcess</DependencyType><DependencyType>ComponentProcess</DependencyType><DependencyType>ComponentSnapshotTemplate</DependencyType><DependencyType>PageSnapshotTemplate</DependencyType><DependencyType>TaskProcess</DependencyType><DependencyType>TemplateBundleProcess</DependencyType><DependencyType>PageBundleProcess</DependencyType><DependencyType>SchemaBundleProcess</DependencyType><DependencyType>ProcessDefinitionTemplateBuildingBlock</DependencyType></DependencyTypes><Selected>false</Selected></ClientDependencyTypeGroup><ClientDependencyTypeGroup><Id>Security</Id><Name>Security</Name><Description>All security related items.</Description><DependencyTypes><DependencyType>Group</DependencyType><DependencyType>GroupMembership</DependencyType></DependencyTypes><Selected>false</Selected></ClientDependencyTypeGroup></DependencyTypeGroups><ItemFilters xmlns="http://www.tridion.com/ContentManager/5.2/ImportExport"><ItemFilter><Value>TargetGroups</Value><Selected>false</Selected></ItemFilter><ItemFilter><Value>Schemas</Value><Selected>false</Selected></ItemFilter><ItemFilter><Value>Components</Value><Selected>false</Selected></ItemFilter><ItemFilter><Value>TemplateBuildingBlocks</Value><Selected>false</Selected></ItemFilter><ItemFilter><Value>ComponentTemplates</Value><Selected>false</Selected></ItemFilter><ItemFilter><Value>PageTemplates</Value><Selected>false</Selected></ItemFilter><ItemFilter><Value>Pages</Value><Selected>false</Selected></ItemFilter><ItemFilter><Value>ApprovalStatuses</Value><Selected>false</Selected></ItemFilter><ItemFilter><Value>ProcessDefinitions</Value><Selected>false</Selected></ItemFilter><ItemFilter><Value>MultimediaTypes</Value><Selected>false</Selected></ItemFilter><ItemFilter><Value>Keywords</Value><Selected>false</Selected></ItemFilter><ItemFilter><Value>Groups</Value><Selected>false</Selected></ItemFilter></ItemFilters><BrowserItem xmlns="http://www.tridion.com/ContentManager/5.2/ImportExport"><WebDavUrl><Url>/webdav//sdltridion%2Epe%2Elocal</Url></WebDavUrl><ItemType>VirtualItemInstance</ItemType><ItemSubType>0</ItemSubType><IsShared>false</IsShared><IsExpandable>true</IsExpandable><CanContainChildren>true</CanContainChildren><Children><BrowserItem><WebDavUrl><Url>/webdav//System%20Administration</Url></WebDavUrl><ItemType>VirtualItemSystemAdministration</ItemType><ItemSubType>0</ItemSubType><IsShared>false</IsShared><IsExpandable>true</IsExpandable><CanContainChildren>true</CanContainChildren><CheckStatus>None</CheckStatus><IsExpanded>false</IsExpanded></BrowserItem><BrowserItem><WebDavUrl><Url>/webdav/000%20Empty</Url></WebDavUrl><ItemType>Publication</ItemType><ItemSubType>0</ItemSubType><IsShared>false</IsShared><IsExpandable>true</IsExpandable><CanContainChildren>true</CanContainChildren><CheckStatus>None</CheckStatus><IsExpanded>false</IsExpanded></BrowserItem><BrowserItem><WebDavUrl><Url>/webdav/100%20Master</Url></WebDavUrl><ItemType>Publication</ItemType><ItemSubType>0</ItemSubType><IsShared>false</IsShared><IsExpandable>true</IsExpandable><CanContainChildren>true</CanContainChildren><Children><BrowserItem><WebDavUrl><Url>/webdav/100%20Master/Building%20Blocks</Url></WebDavUrl><ItemType>Folder</ItemType><ItemSubType>1</ItemSubType><IsShared>true</IsShared><IsExpandable>true</IsExpandable><CanContainChildren>true</CanContainChildren><Children><BrowserItem><WebDavUrl><Url>/webdav/100%20Master/Building%20Blocks/Default%20Templates</Url></WebDavUrl><ItemType>Folder</ItemType><ItemSubType>1</ItemSubType><IsShared>true</IsShared><IsExpandable>true</IsExpandable><CanContainChildren>true</CanContainChildren><CheckStatus>None</CheckStatus><IsExpanded>false</IsExpanded></BrowserItem><BrowserItem><WebDavUrl><Url>/webdav/100%20Master/Building%20Blocks/Modules</Url></WebDavUrl><ItemType>Folder</ItemType><ItemSubType>1</ItemSubType><IsShared>false</IsShared><IsExpandable>true</IsExpandable><CanContainChildren>true</CanContainChildren><Children><BrowserItem><WebDavUrl><Url>/webdav/100%20Master/Building%20Blocks/Modules/Core</Url></WebDavUrl><ItemType>Folder</ItemType><ItemSubType>1</ItemSubType><IsShared>false</IsShared><IsExpandable>true</IsExpandable><CanContainChildren>true</CanContainChildren><CheckStatus>None</CheckStatus><IsExpanded>false</IsExpanded></BrowserItem><BrowserItem><WebDavUrl><Url>/webdav/100%20Master/Building%20Blocks/Modules/DD4T</Url></WebDavUrl><ItemType>Folder</ItemType><ItemSubType>1</ItemSubType><IsShared>false</IsShared><IsExpandable>true</IsExpandable><CanContainChildren>true</CanContainChildren><CheckStatus>None</CheckStatus><IsExpanded>false</IsExpanded></BrowserItem><BrowserItem><WebDavUrl><Url>/webdav/100%20Master/Building%20Blocks/Modules/GoogleAnalytics</Url></WebDavUrl><ItemType>Folder</ItemType><ItemSubType>1</ItemSubType><IsShared>false</IsShared><IsExpandable>true</IsExpandable><CanContainChildren>true</CanContainChildren><CheckStatus>None</CheckStatus><IsExpanded>false</IsExpanded></BrowserItem><BrowserItem><WebDavUrl><Url>/webdav/100%20Master/Building%20Blocks/Modules/Media%20Manager</Url></WebDavUrl><ItemType>Folder</ItemType><ItemSubType>1</ItemSubType><IsShared>false</IsShared><IsExpandable>true</IsExpandable><CanContainChildren>true</CanContainChildren><Children><BrowserItem><WebDavUrl><Url>/webdav/100%20Master/Building%20Blocks/Modules/Media%20Manager/Admin</Url></WebDavUrl><ItemType>Folder</ItemType><ItemSubType>1</ItemSubType><IsShared>false</IsShared><IsExpandable>true</IsExpandable><CanContainChildren>true</CanContainChildren><Children><BrowserItem><WebDavUrl><Url>/webdav/100%20Master/Building%20Blocks/Modules/Media%20Manager/Admin/Media%20Manager.xml</Url></WebDavUrl><ItemType>Component</ItemType><ItemSubType>0</ItemSubType><IsShared>false</IsShared><IsExpandable>false</IsExpandable><CanContainChildren>false</CanContainChildren><CheckStatus>ItemAndAllChildren</CheckStatus><IsExpanded>false</IsExpanded></BrowserItem></Children><CheckStatus>ItemAndAllChildren</CheckStatus><IsExpanded>true</IsExpanded></BrowserItem><BrowserItem><WebDavUrl><Url>/webdav/100%20Master/Building%20Blocks/Modules/Media%20Manager/Developer</Url></WebDavUrl><ItemType>Folder</ItemType><ItemSubType>1</ItemSubType><IsShared>false</IsShared><IsExpandable>true</IsExpandable><CanContainChildren>true</CanContainChildren><Children><BrowserItem><WebDavUrl><Url>/webdav/100%20Master/Building%20Blocks/Modules/Media%20Manager/Developer/Media%20Manager%20Template%20Building%20Blocks</Url></WebDavUrl><ItemType>Folder</ItemType><ItemSubType>1</ItemSubType><IsShared>false</IsShared><IsExpandable>true</IsExpandable><CanContainChildren>true</CanContainChildren><Children><BrowserItem><WebDavUrl><Url>/webdav/100%20Master/Building%20Blocks/Modules/Media%20Manager/Developer/Media%20Manager%20Template%20Building%20Blocks/Resolve%20Media%20Manager%20References.tbbcs</Url></WebDavUrl><ItemType>TemplateBuildingBlock</ItemType><ItemSubType>6</ItemSubType><IsShared>false</IsShared><IsExpandable>false</IsExpandable><CanContainChildren>false</CanContainChildren><CheckStatus>ItemAndAllChildren</CheckStatus><IsExpanded>false</IsExpanded></BrowserItem><BrowserItem><WebDavUrl><Url>/webdav/100%20Master/Building%20Blocks/Modules/Media%20Manager/Developer/Media%20Manager%20Template%20Building%20Blocks/Sdl%2EWeb%2ETemplating%2EMediaManager.tbbasm</Url></WebDavUrl><ItemType>TemplateBuildingBlock</ItemType><ItemSubType>5</ItemSubType><IsShared>false</IsShared><IsExpandable>false</IsExpandable><CanContainChildren>false</CanContainChildren><CheckStatus>ItemAndAllChildren</CheckStatus><IsExpanded>false</IsExpanded></BrowserItem></Children><CheckStatus>ItemAndAllChildren</CheckStatus><IsExpanded>false</IsExpanded></BrowserItem></Children><CheckStatus>ItemAndAllChildren</CheckStatus><IsExpanded>true</IsExpanded></BrowserItem></Children><CheckStatus>ItemAndAllChildren</CheckStatus><IsExpanded>true</IsExpanded></BrowserItem><BrowserItem><WebDavUrl><Url>/webdav/100%20Master/Building%20Blocks/Modules/SmartTarget</Url></WebDavUrl><ItemType>Folder</ItemType><ItemSubType>1</ItemSubType><IsShared>false</IsShared><IsExpandable>true</IsExpandable><CanContainChildren>true</CanContainChildren><CheckStatus>None</CheckStatus><IsExpanded>false</IsExpanded></BrowserItem></Children><CheckStatus>SelectedChildrenOnly</CheckStatus><IsExpanded>true</IsExpanded></BrowserItem><BrowserItem><WebDavUrl><Url>/webdav/100%20Master/Building%20Blocks/Settings</Url></WebDavUrl><ItemType>Folder</ItemType><ItemSubType>1</ItemSubType><IsShared>false</IsShared><IsExpandable>true</IsExpandable><CanContainChildren>true</CanContainChildren><CheckStatus>None</CheckStatus><IsExpanded>false</IsExpanded></BrowserItem><BrowserItem><WebDavUrl><Url>/webdav/100%20Master/Building%20Blocks/Default%20Multimedia%20Schema.xsd</Url></WebDavUrl><ItemType>Schema</ItemType><ItemSubType>1</ItemSubType><IsShared>true</IsShared><IsExpandable>false</IsExpandable><CanContainChildren>false</CanContainChildren><CheckStatus>None</CheckStatus><IsExpanded>false</IsExpanded></BrowserItem></Children><CheckStatus>SelectedChildrenOnly</CheckStatus><IsExpanded>true</IsExpanded></BrowserItem><BrowserItem><WebDavUrl><Url>/webdav/100%20Master/Home</Url></WebDavUrl><ItemType>StructureGroup</ItemType><ItemSubType>1</ItemSubType><IsShared>true</IsShared><IsExpandable>true</IsExpandable><CanContainChildren>true</CanContainChildren><CheckStatus>None</CheckStatus><IsExpanded>false</IsExpanded></BrowserItem><BrowserItem><WebDavUrl><Url>/webdav/100%20Master//Categories%20and%20Keywords</Url></WebDavUrl><ItemType>VirtualItemCategoriesAndKeywords</ItemType><ItemSubType>0</ItemSubType><IsShared>false</IsShared><IsExpandable>true</IsExpandable><CanContainChildren>true</CanContainChildren><CheckStatus>None</CheckStatus><IsExpanded>false</IsExpanded></BrowserItem><BrowserItem><WebDavUrl><Url>/webdav/100%20Master//Workflow</Url></WebDavUrl><ItemType>VirtualItemWorkflow</ItemType><ItemSubType>0</ItemSubType><IsShared>false</IsShared><IsExpandable>true</IsExpandable><CanContainChildren>true</CanContainChildren><CheckStatus>None</CheckStatus><IsExpanded>false</IsExpanded></BrowserItem></Children><CheckStatus>ItemAndSelectedChildren</CheckStatus><IsExpanded>true</IsExpanded></BrowserItem><BrowserItem><WebDavUrl><Url>/webdav/400%20Example%20Site</Url></WebDavUrl><ItemType>Publication</ItemType><ItemSubType>0</ItemSubType><IsShared>false</IsShared><IsExpandable>true</IsExpandable><CanContainChildren>true</CanContainChildren><CheckStatus>None</CheckStatus><IsExpanded>false</IsExpanded></BrowserItem><BrowserItem><WebDavUrl><Url>/webdav/Bank%20content</Url></WebDavUrl><ItemType>Publication</ItemType><ItemSubType>0</ItemSubType><IsShared>false</IsShared><IsExpandable>true</IsExpandable><CanContainChildren>true</CanContainChildren><CheckStatus>None</CheckStatus><IsExpanded>false</IsExpanded></BrowserItem><BrowserItem><WebDavUrl><Url>/webdav/Bank%20content%20AR</Url></WebDavUrl><ItemType>Publication</ItemType><ItemSubType>0</ItemSubType><IsShared>false</IsShared><IsExpandable>true</IsExpandable><CanContainChildren>true</CanContainChildren><CheckStatus>None</CheckStatus><IsExpanded>false</IsExpanded></BrowserItem><BrowserItem><WebDavUrl><Url>/webdav/Bank%20content%20CN</Url></WebDavUrl><ItemType>Publication</ItemType><ItemSubType>0</ItemSubType><IsShared>false</IsShared><IsExpandable>true</IsExpandable><CanContainChildren>true</CanContainChildren><CheckStatus>None</CheckStatus><IsExpanded>false</IsExpanded></BrowserItem><BrowserItem><WebDavUrl><Url>/webdav/Bank%20content%20DE</Url></WebDavUrl><ItemType>Publication</ItemType><ItemSubType>0</ItemSubType><IsShared>false</IsShared><IsExpandable>true</IsExpandable><CanContainChildren>true</CanContainChildren><CheckStatus>None</CheckStatus><IsExpanded>false</IsExpanded></BrowserItem><BrowserItem><WebDavUrl><Url>/webdav/Bank%20content%20ES</Url></WebDavUrl><ItemType>Publication</ItemType><ItemSubType>0</ItemSubType><IsShared>false</IsShared><IsExpandable>true</IsExpandable><CanContainChildren>true</CanContainChildren><CheckStatus>None</CheckStatus><IsExpanded>false</IsExpanded></BrowserItem><BrowserItem><WebDavUrl><Url>/webdav/Bank%20content%20FR</Url></WebDavUrl><ItemType>Publication</ItemType><ItemSubType>0</ItemSubType><IsShared>false</IsShared><IsExpandable>true</IsExpandable><CanContainChildren>true</CanContainChildren><CheckStatus>None</CheckStatus><IsExpanded>false</IsExpanded></BrowserItem><BrowserItem><WebDavUrl><Url>/webdav/Bank%20content%20GB</Url></WebDavUrl><ItemType>Publication</ItemType><ItemSubType>0</ItemSubType><IsShared>false</IsShared><IsExpandable>true</IsExpandable><CanContainChildren>true</CanContainChildren><CheckStatus>None</CheckStatus><IsExpanded>false</IsExpanded></BrowserItem><BrowserItem><WebDavUrl><Url>/webdav/Bank%20content%20JP</Url></WebDavUrl><ItemType>Publication</ItemType><ItemSubType>0</ItemSubType><IsShared>false</IsShared><IsExpandable>true</IsExpandable><CanContainChildren>true</CanContainChildren><CheckStatus>None</CheckStatus><IsExpanded>false</IsExpanded></BrowserItem><BrowserItem><WebDavUrl><Url>/webdav/Bank%20design</Url></WebDavUrl><ItemType>Publication</ItemType><ItemSubType>0</ItemSubType><IsShared>false</IsShared><IsExpandable>true</IsExpandable><CanContainChildren>true</CanContainChildren><CheckStatus>None</CheckStatus><IsExpanded>false</IsExpanded></BrowserItem><BrowserItem><WebDavUrl><Url>/webdav/Bank%20www</Url></WebDavUrl><ItemType>Publication</ItemType><ItemSubType>0</ItemSubType><IsShared>false</IsShared><IsExpandable>true</IsExpandable><CanContainChildren>true</CanContainChildren><CheckStatus>None</CheckStatus><IsExpanded>false</IsExpanded></BrowserItem><BrowserItem><WebDavUrl><Url>/webdav/Bank%20www%2Far</Url></WebDavUrl><ItemType>Publication</ItemType><ItemSubType>0</ItemSubType><IsShared>false</IsShared><IsExpandable>true</IsExpandable><CanContainChildren>true</CanContainChildren><CheckStatus>None</CheckStatus><IsExpanded>false</IsExpanded></BrowserItem><BrowserItem><WebDavUrl><Url>/webdav/Bank%20www%2Fcn</Url></WebDavUrl><ItemType>Publication</ItemType><ItemSubType>0</ItemSubType><IsShared>false</IsShared><IsExpandable>true</IsExpandable><CanContainChildren>true</CanContainChildren><CheckStatus>None</CheckStatus><IsExpanded>false</IsExpanded></BrowserItem><BrowserItem><WebDavUrl><Url>/webdav/Bank%20www%2Fde</Url></WebDavUrl><ItemType>Publication</ItemType><ItemSubType>0</ItemSubType><IsShared>false</IsShared><IsExpandable>true</IsExpandable><CanContainChildren>true</CanContainChildren><CheckStatus>None</CheckStatus><IsExpanded>false</IsExpanded></BrowserItem><BrowserItem><WebDavUrl><Url>/webdav/Bank%20www%2Fen-GB</Url></WebDavUrl><ItemType>Publication</ItemType><ItemSubType>0</ItemSubType><IsShared>false</IsShared><IsExpandable>true</IsExpandable><CanContainChildren>true</CanContainChildren><CheckStatus>None</CheckStatus><IsExpanded>false</IsExpanded></BrowserItem><BrowserItem><WebDavUrl><Url>/webdav/Bank%20www%2Fes</Url></WebDavUrl><ItemType>Publication</ItemType><ItemSubType>0</ItemSubType><IsShared>false</IsShared><IsExpandable>true</IsExpandable><CanContainChildren>true</CanContainChildren><CheckStatus>None</CheckStatus><IsExpanded>false</IsExpanded></BrowserItem><BrowserItem><WebDavUrl><Url>/webdav/Bank%20www%2Ffr</Url></WebDavUrl><ItemType>Publication</ItemType><ItemSubType>0</ItemSubType><IsShared>false</IsShared><IsExpandable>true</IsExpandable><CanContainChildren>true</CanContainChildren><CheckStatus>None</CheckStatus><IsExpanded>false</IsExpanded></BrowserItem><BrowserItem><WebDavUrl><Url>/webdav/Bank%20www%2Fjp</Url></WebDavUrl><ItemType>Publication</ItemType><ItemSubType>0</ItemSubType><IsShared>false</IsShared><IsExpandable>true</IsExpandable><CanContainChildren>true</CanContainChildren><CheckStatus>None</CheckStatus><IsExpanded>false</IsExpanded></BrowserItem><BrowserItem><WebDavUrl><Url>/webdav/Tech%20content</Url></WebDavUrl><ItemType>Publication</ItemType><ItemSubType>0</ItemSubType><IsShared>false</IsShared><IsExpandable>true</IsExpandable><CanContainChildren>true</CanContainChildren><CheckStatus>None</CheckStatus><IsExpanded>false</IsExpanded></BrowserItem><BrowserItem><WebDavUrl><Url>/webdav/Tech%20content%20AR</Url></WebDavUrl><ItemType>Publication</ItemType><ItemSubType>0</ItemSubType><IsShared>false</IsShared><IsExpandable>true</IsExpandable><CanContainChildren>true</CanContainChildren><CheckStatus>None</CheckStatus><IsExpanded>false</IsExpanded></BrowserItem><BrowserItem><WebDavUrl><Url>/webdav/Tech%20content%20CN</Url></WebDavUrl><ItemType>Publication</ItemType><ItemSubType>0</ItemSubType><IsShared>false</IsShared><IsExpandable>true</IsExpandable><CanContainChildren>true</CanContainChildren><CheckStatus>None</CheckStatus><IsExpanded>false</IsExpanded></BrowserItem><BrowserItem><WebDavUrl><Url>/webdav/Tech%20content%20DE</Url></WebDavUrl><ItemType>Publication</ItemType><ItemSubType>0</ItemSubType><IsShared>false</IsShared><IsExpandable>true</IsExpandable><CanContainChildren>true</CanContainChildren><CheckStatus>None</CheckStatus><IsExpanded>false</IsExpanded></BrowserItem><BrowserItem><WebDavUrl><Url>/webdav/Tech%20content%20ES</Url></WebDavUrl><ItemType>Publication</ItemType><ItemSubType>0</ItemSubType><IsShared>false</IsShared><IsExpandable>true</IsExpandable><CanContainChildren>true</CanContainChildren><CheckStatus>None</CheckStatus><IsExpanded>false</IsExpanded></BrowserItem><BrowserItem><WebDavUrl><Url>/webdav/Tech%20content%20FR</Url></WebDavUrl><ItemType>Publication</ItemType><ItemSubType>0</ItemSubType><IsShared>false</IsShared><IsExpandable>true</IsExpandable><CanContainChildren>true</CanContainChildren><CheckStatus>None</CheckStatus><IsExpanded>false</IsExpanded></BrowserItem><BrowserItem><WebDavUrl><Url>/webdav/Tech%20content%20GB</Url></WebDavUrl><ItemType>Publication</ItemType><ItemSubType>0</ItemSubType><IsShared>false</IsShared><IsExpandable>true</IsExpandable><CanContainChildren>true</CanContainChildren><CheckStatus>None</CheckStatus><IsExpanded>false</IsExpanded></BrowserItem><BrowserItem><WebDavUrl><Url>/webdav/Tech%20content%20JP</Url></WebDavUrl><ItemType>Publication</ItemType><ItemSubType>0</ItemSubType><IsShared>false</IsShared><IsExpandable>true</IsExpandable><CanContainChildren>true</CanContainChildren><CheckStatus>None</CheckStatus><IsExpanded>false</IsExpanded></BrowserItem><BrowserItem><WebDavUrl><Url>/webdav/Tech%20Demandware%20demo</Url></WebDavUrl><ItemType>Publication</ItemType><ItemSubType>0</ItemSubType><IsShared>false</IsShared><IsExpandable>true</IsExpandable><CanContainChildren>true</CanContainChildren><CheckStatus>None</CheckStatus><IsExpanded>false</IsExpanded></BrowserItem><BrowserItem><WebDavUrl><Url>/webdav/Tech%20design</Url></WebDavUrl><ItemType>Publication</ItemType><ItemSubType>0</ItemSubType><IsShared>false</IsShared><IsExpandable>true</IsExpandable><CanContainChildren>true</CanContainChildren><CheckStatus>None</CheckStatus><IsExpanded>false</IsExpanded></BrowserItem><BrowserItem><WebDavUrl><Url>/webdav/Tech%20design%202014</Url></WebDavUrl><ItemType>Publication</ItemType><ItemSubType>0</ItemSubType><IsShared>false</IsShared><IsExpandable>true</IsExpandable><CanContainChildren>true</CanContainChildren><CheckStatus>None</CheckStatus><IsExpanded>false</IsExpanded></BrowserItem><BrowserItem><WebDavUrl><Url>/webdav/Tech%20design%20omnibiz</Url></WebDavUrl><ItemType>Publication</ItemType><ItemSubType>0</ItemSubType><IsShared>false</IsShared><IsExpandable>true</IsExpandable><CanContainChildren>true</CanContainChildren><CheckStatus>None</CheckStatus><IsExpanded>false</IsExpanded></BrowserItem><BrowserItem><WebDavUrl><Url>/webdav/Tech%20email</Url></WebDavUrl><ItemType>Publication</ItemType><ItemSubType>0</ItemSubType><IsShared>false</IsShared><IsExpandable>true</IsExpandable><CanContainChildren>true</CanContainChildren><CheckStatus>None</CheckStatus><IsExpanded>false</IsExpanded></BrowserItem><BrowserItem><WebDavUrl><Url>/webdav/Tech%20email%20design</Url></WebDavUrl><ItemType>Publication</ItemType><ItemSubType>0</ItemSubType><IsShared>false</IsShared><IsExpandable>true</IsExpandable><CanContainChildren>true</CanContainChildren><CheckStatus>None</CheckStatus><IsExpanded>false</IsExpanded></BrowserItem><BrowserItem><WebDavUrl><Url>/webdav/Tech%20www</Url></WebDavUrl><ItemType>Publication</ItemType><ItemSubType>0</ItemSubType><IsShared>false</IsShared><IsExpandable>true</IsExpandable><CanContainChildren>true</CanContainChildren><CheckStatus>None</CheckStatus><IsExpanded>false</IsExpanded></BrowserItem><BrowserItem><WebDavUrl><Url>/webdav/Tech%20www%2Far</Url></WebDavUrl><ItemType>Publication</ItemType><ItemSubType>0</ItemSubType><IsShared>false</IsShared><IsExpandable>true</IsExpandable><CanContainChildren>true</CanContainChildren><CheckStatus>None</CheckStatus><IsExpanded>false</IsExpanded></BrowserItem><BrowserItem><WebDavUrl><Url>/webdav/Tech%20www%2Fde</Url></WebDavUrl><ItemType>Publication</ItemType><ItemSubType>0</ItemSubType><IsShared>false</IsShared><IsExpandable>true</IsExpandable><CanContainChildren>true</CanContainChildren><CheckStatus>None</CheckStatus><IsExpanded>false</IsExpanded></BrowserItem><BrowserItem><WebDavUrl><Url>/webdav/Tech%20www%2Fen-GB</Url></WebDavUrl><ItemType>Publication</ItemType><ItemSubType>0</ItemSubType><IsShared>false</IsShared><IsExpandable>true</IsExpandable><CanContainChildren>true</CanContainChildren><CheckStatus>None</CheckStatus><IsExpanded>false</IsExpanded></BrowserItem><BrowserItem><WebDavUrl><Url>/webdav/Tech%20www%2Fes</Url></WebDavUrl><ItemType>Publication</ItemType><ItemSubType>0</ItemSubType><IsShared>false</IsShared><IsExpandable>true</IsExpandable><CanContainChildren>true</CanContainChildren><CheckStatus>None</CheckStatus><IsExpanded>false</IsExpanded></BrowserItem><BrowserItem><WebDavUrl><Url>/webdav/Tech%20www%2Ffr</Url></WebDavUrl><ItemType>Publication</ItemType><ItemSubType>0</ItemSubType><IsShared>false</IsShared><IsExpandable>true</IsExpandable><CanContainChildren>true</CanContainChildren><CheckStatus>None</CheckStatus><IsExpanded>false</IsExpanded></BrowserItem><BrowserItem><WebDavUrl><Url>/webdav/Tech%20www%2Fja</Url></WebDavUrl><ItemType>Publication</ItemType><ItemSubType>0</ItemSubType><IsShared>false</IsShared><IsExpandable>true</IsExpandable><CanContainChildren>true</CanContainChildren><CheckStatus>None</CheckStatus><IsExpanded>false</IsExpanded></BrowserItem><BrowserItem><WebDavUrl><Url>/webdav/Tech%20www%2Fzh</Url></WebDavUrl><ItemType>Publication</ItemType><ItemSubType>0</ItemSubType><IsShared>false</IsShared><IsExpandable>true</IsExpandable><CanContainChildren>true</CanContainChildren><CheckStatus>None</CheckStatus><IsExpanded>false</IsExpanded></BrowserItem></Children><CheckStatus>ItemAndSelectedChildren</CheckStatus><IsExpanded>true</IsExpanded></BrowserItem><PackageLocation xmlns="http://www.tridion.com/ContentManager/5.2/ImportExport">MediaManager-Module.zip</PackageLocation><ErrorHandlingMode xmlns="http://www.tridion.com/ContentManager/5.2/ImportExport">Interactive</ErrorHandlingMode><ApplicationDataCategories xmlns="http://www.tridion.com/ContentManager/5.2/ImportExport"><ApplicationDataCategory name="Context Expressions" description="SDL Tridion Context Expressions" selected="false"><ApplicationId pattern="ce:TargetGroupExtension" tcmUriXPath="" /></ApplicationDataCategory><ApplicationDataCategory name="Experience Manager" description="SDL Tridion Experience Manager" selected="false"><ApplicationId pattern="SiteEdit" tcmUriXPath="//@xlink:href" /></ApplicationDataCategory><ApplicationDataCategory name="External Content Library" description="SDL External Content Library" selected="false"><ApplicationId pattern="ecl:stubschema*" tcmUriXPath="" /></ApplicationDataCategory><ApplicationDataCategory name="Translation Manager" description="SDL Tridion Translation Manager" selected="false"><ApplicationId pattern="tm:TranslationConfiguration" tcmUriXPath="//@ConfiguredItemUri | //DeselectedSourceConfiguration/@id" /><ApplicationId pattern="tm:ItemTranslationOptions" tcmUriXPath="" /><ApplicationId pattern="tm:TranslationSchema" tcmUriXPath="" /></ApplicationDataCategory><ApplicationDataCategory name="TRI" description="Tridion Reference Implementation" selected="false"><ApplicationId pattern="http://www.sdl.com/tridion/SemanticMapping/vocabularies" tcmUriXPath="" /><ApplicationId pattern="http://www.sdl.com/tridion/SemanticMapping/typeof" tcmUriXPath="//@xlink:href" /></ApplicationDataCategory><ApplicationDataCategory name="User Generated Content" description="SDL Tridion User Generated Content" selected="false"><ApplicationId pattern="ugc:ComponentAndPage" tcmUriXPath="//@id" /></ApplicationDataCategory></ApplicationDataCategories><BluePrintMode xmlns="http://www.tridion.com/ContentManager/5.2/ImportExport">ExportSharedItemsFromOwningPublication</BluePrintMode><TargetDataContractVersion xmlns="http://www.tridion.com/ContentManager/5.2/ImportExport">2013</TargetDataContractVersion></ExportSettings>